ID,sex,Name,Age,BP,ins,BMI,results
01,male,ali,20,72,169.5,33.6,average
02,female,mona,26,66,102.5,26.6,average
03,female,nada,32,64,169.5,23.3,average
04,female,fatimah,19,66,94,28.1,normal
05,male,ahmad,36,40,168,43.1,average
06,male,sultan,27,74,102.5,25.6,average
07,female,farah,16,50,88,31,normal
08,male,khaled,45,70,102.5,35.3,average
09,female,sara,15,70,543,30.5,high
10,female,maha,33,96,169.5,34.3,average
11,male,waleed,21,92,102.5,37.6,average
12,female,reemas,22,74,169.5,38,average
13,female,marwah,35,80,102.5,27.1,average
14,male,hassan,38,60,846,30.1,high
15,female,rawan,31,71,175,25.8,high
16,male,ahmad,29,74,169.5,30,average
17,female,ayah,13,84,230,45.8,high
18,female,sara,42,74,169.5,29.6,average
19,male,hassan,23,30,83,42.2,normal
20,female,malak,15,70,96,34.6,normal
21,male,majed,36,88,235,39.3,high
22,female,narjis,27,84,103.5,35.4,average
23,female,ebtihal,36,90,169.5,39.8,average
24,female,zahra,44,80,169.5,29,average
25,male,mohammed,41,94,146,36.6,average
26,female,fatimah,11,70,115,31.1,average
27,female,rabab,30,76,169.5,39.4,average
28,female,renad,28,66,140,23.2,average
29,female,alaa,32,82,110,22.2,average
30,male,saleh,44,92,102.5,34.1,average
31,female,amani,31,78,102.5,24.5,average
32,female,sajidah,22,60,192,24,high
33,female,monirah,35,58,54,24.8,normal
34,female,anfal,26,92,245,32.1,high
35,male,aziz,47,56,102.5,42,average
